--RESETTING AUTO-INCREMENT
ALTER TABLE calendardbtest.event AUTO_INCREMENT = 100000;
ALTER TABLE calendardbtest.event_type AUTO_INCREMENT = 100000;
ALTER TABLE calendardbtest.user AUTO_INCREMENT = 100000;
--FILLING DB WITH DATA
INSERT INTO user (ID,FIRST_NAME,LAST_NAME,EMAIL,PASSWORD) VALUES (1,'USER1','USEROV1','USER1@email.com','USER1PASSWORD');
INSERT INTO user (ID,FIRST_NAME,LAST_NAME,EMAIL,PASSWORD) VALUES (2,'USER2','USEROV2','USER2@email.com','USER2PASSWORD');
INSERT INTO user (ID,FIRST_NAME,LAST_NAME,EMAIL,PASSWORD) VALUES (3,'USER3','USEROV3','USER3@email.com','USER3PASSWORD');
--DONT ADD USER4
--DONT ADD USER5 TO ANY EVENT
INSERT INTO user (ID,FIRST_NAME,LAST_NAME,EMAIL,PASSWORD) VALUES (5,'USER5','USEROV5','USER5@email.com','USER5PASSWORD');
--DONT ADD USER5 TO ANY EVENT
INSERT INTO event_type (ID,NAME, INFO) VALUES (1,'EVENT_TYPE1','EVENT_TYPE1_INFO');
INSERT INTO event_type (ID,NAME, INFO) VALUES (2,'EVENT_TYPE2','EVENT_TYPE2_INFO');
INSERT INTO event_type (ID,NAME, INFO) VALUES (3,'EVENT_TYPE3','EVENT_TYPE3_INFO');
--DONT ADD EVENT_TYPE4
--DONT ADD EVENT_TYPE5 TO ANY EVENT
INSERT INTO event_type (ID,NAME, INFO) VALUES (5,'EVENT_TYPE5','EVENT_TYPE5_INFO');
--DONT ADD EVENT_TYPE5 TO ANY EVENT
INSERT INTO event (ID,NAME,USER_ID,EVENT_TYPE_ID) VALUES (1,'EVENT1',1,2);
INSERT INTO event (ID,NAME,USER_ID,EVENT_TYPE_ID) VALUES (2,'EVENT2',2,3);
INSERT INTO event (ID,NAME,USER_ID,EVENT_TYPE_ID) VALUES (3,'EVENT3',3,1);
INSERT INTO event (ID,NAME,USER_ID,EVENT_TYPE_ID) VALUES (4,'EVENT4',1,3);
INSERT INTO event (ID,NAME,USER_ID,EVENT_TYPE_ID) VALUES (5,'EVENT5',2,2);
INSERT INTO event (ID,NAME,USER_ID,EVENT_TYPE_ID) VALUES (6,'EVENT6',3,1);
--DONT ADD EVENT7
INSERT INTO event (ID,NAME,USER_ID,EVENT_TYPE_ID) VALUES (8,'EVENT8',3,1);